File_name,Error_ID,Status,Remarks
test-Output_preparation.atr,TestCaseLCR-110_SW_LLR_TC_11467,Failed,Manual check required
test-Output_preparation.atr,TestCaseLCR-110_SW_LLR_TC_11468,FAILED,
test-Output_preparation.atr,TestCaseLCR-110_SW_LLR_TC_11300,PASSED,
test-Output_preparation.atr,TestCaseLCR-110_SW_LLR_TC_11301,PASSED,
test-Output_preparation.atr,TestCaseLCR-110_SW_LLR_TC_11302,PASSED,
test-Output_preparation.atr,TestCaseLCR-110_SW_LLR_TC_11303,PASSED,
test-Output_preparation.atr,TestCaseLCR-110_SW_LLR_TC_11304,PASSED,
test-Output_preparation.atr,TestCaseLCR-110_SW_LLR_TC_11305,PASSED,
test-Output_preparation.atr,TestCaseLCR-110_SW_LLR_TC_11306,PASSED,
test-Output_preparation.atr,TestCaseLCR-110_SW_LLR_TC_11307,PASSED,
test-Output_preparation.atr,TestCaseLCR-110_SW_LLR_TC_11308,PASSED,
test-Output_preparation.atr,TestCaseLCR-110_SW_LLR_TC_11309,PASSED,
test-Output_preparation.atr,TestCaseLCR-110_SW_LLR_TC_11310,PASSED,
test-Output_preparation.atr,TestCaseLCR-110_SW_LLR_TC_11311,PASSED,
test-Output_preparation.atr,TestCaseLCR-110_SW_LLR_TC_11312,PASSED,
test-Output_preparation.atr,TestCaseLCR-110_SW_LLR_TC_11313,PASSED,
test-Output_preparation.atr,TestCaseLCR-110_SW_LLR_TC_11314,PASSED,
test-Output_preparation.atr,TestCaseLCR-110_SW_LLR_TC_11315,PASSED,
test-Output_preparation.atr,TestCaseLCR-110_SW_LLR_TC_11316,PASSED,
test-Output_preparation.atr,TestCaseLCR-110_SW_LLR_TC_11317,PASSED,
test-Output_preparation.atr,TestCaseLCR-110_SW_LLR_TC_11588,PASSED,
test-Output_preparation.atr,TestCaseLCR-110_SW_LLR_TC_11319,PASSED,
test-Output_preparation.atr,TestCaseLCR-110_SW_LLR_TC_11320,PASSED,
test-Output_preparation.atr,TestCaseLCR-110_SW_LLR_TC_11321,PASSED,
test-Output_preparation.atr,TestCaseLCR-110_SW_LLR_TC_11322,PASSED,
test-Output_preparation.atr,TestCaseLCR-110_SW_LLR_TC_11323,PASSED,
test-Output_preparation.atr,TestCaseLCR-110_SW_LLR_TC_11324,PASSED,
test-Output_preparation.atr,TestCaseLCR-110_SW_LLR_TC_11325,PASSED,
test-Output_preparation.atr,TestCaseLCR-110_SW_LLR_TC_11326,PASSED,
test-Output_preparation.atr,TestCaseLCR-110_SW_LLR_TC_11327,PASSED,
test-Output_preparation.atr,TestCaseLCR-110_SW_LLR_TC_11328,PASSED,
test-Output_preparation.atr,TestCaseLCR-110_SW_LLR_TC_11329,PASSED,
test-Output_preparation.atr,TestCaseLCR-110_SW_LLR_TC_11330,PASSED,
test-Output_preparation.atr,TestCaseLCR-110_SW_LLR_TC_11331,PASSED,
test-Output_preparation.atr,TestCaseLCR-110_SW_LLR_TC_11332,PASSED,
test-Output_preparation.atr,TestCaseLCR-110_SW_LLR_TC_11334,PASSED,
test-Output_preparation.atr,TestCaseLCR-110_SW_LLR_TC_11335,PASSED,
test-Output_preparation.atr,TestCaseLCR-110_SW_LLR_TC_11336,PASSED,
test-Output_preparation.atr,TestCaseLCR-110_SW_LLR_TC_11337,PASSED,
test-Output_preparation.atr,TestCaseLCR-110_SW_LLR_TC_11338,PASSED,
test-Output_preparation.atr,TestCaseLCR-110_SW_LLR_TC_11339,PASSED,
test-Output_preparation.atr,TestCaseLCR-110_SW_LLR_TC_11340,PASSED,
test-Output_preparation.atr,TestCaseLCR-110_SW_LLR_TC_11341,PASSED,
test-Output_preparation.atr,TestCaseLCR-110_SW_LLR_TC_11342,PASSED,
test-Output_preparation.atr,TestCaseLCR-110_SW_LLR_TC_11343,PASSED,
test-Output_preparation.atr,TestCaseLCR-110_SW_LLR_TC_11344,PASSED,
test-Output_preparation.atr,TestCaseLCR-110_SW_LLR_TC_11345,PASSED,
test-Output_preparation.atr,TestCaseLCR-110_SW_LLR_TC_11346,PASSED,
test-Output_preparation.atr,TestCaseLCR-110_SW_LLR_TC_11347,PASSED,
test-Output_preparation.atr,TestCaseLCR-110_SW_LLR_TC_11348,PASSED,
test-Output_preparation.atr,TestCaseLCR-110_SW_LLR_TC_11349,PASSED,
test-Output_preparation.atr,TestCaseLCR-110_SW_LLR_TC_11350,PASSED,
test-Output_preparation.atr,TestCaseLCR-110_SW_LLR_TC_11351,PASSED,
test-Output_preparation.atr,TestCaseLCR-110_SW_LLR_TC_11352,PASSED,
test-Output_preparation.atr,TestCaseLCR-110_SW_LLR_TC_11353,PASSED,
test-Output_preparation.atr,TestCaseLCR-110_SW_LLR_TC_11354,PASSED,
test-Output_preparation.atr,TestCaseLCR-110_SW_LLR_TC_11355,PASSED,
test-Output_preparation.atr,TestCaseLCR-110_SW_LLR_TC_11356,PASSED,
test-Output_preparation.atr,TestCaseLCR-110_SW_LLR_TC_11357,PASSED,
test-Output_preparation.atr,TestCaseLCR-110_SW_LLR_TC_11358,PASSED,
test-Output_preparation.atr,TestCaseLCR-110_SW_LLR_TC_11359,PASSED,
test-Output_preparation.atr,TestCaseLCR-110_SW_LLR_TC_11360,PASSED,
test-Output_preparation.atr,TestCaseLCR-110_SW_LLR_TC_11361,PASSED,
test-Output_preparation.atr,TestCaseLCR-110_SW_LLR_TC_11362,PASSED,
test-Output_preparation.atr,TestCaseLCR-110_SW_LLR_TC_11363,PASSED,
test-Output_preparation.atr,TestCaseLCR-110_SW_LLR_TC_11364,PASSED,
test-Output_preparation.atr,TestCaseLCR-110_SW_LLR_TC_11365,PASSED,
test-Output_preparation.atr,TestCaseLCR-110_SW_LLR_TC_11366,PASSED,
test-Output_preparation.atr,TestCaseLCR-110_SW_LLR_TC_11367,PASSED,
test-Output_preparation.atr,TestCaseLCR-110_SW_LLR_TC_11368,PASSED,
test-Output_preparation.atr,TestCaseLCR-110_SW_LLR_TC_11369,PASSED,
test-Output_preparation.atr,TestCaseLCR-110_SW_LLR_TC_11370,PASSED,
test-Output_preparation.atr,TestCaseLCR-110_SW_LLR_TC_11371,PASSED,
test-Output_preparation.atr,TestCaseLCR-110_SW_LLR_TC_11372,PASSED,
test-Output_preparation.atr,TestCaseLCR-110_SW_LLR_TC_11373,PASSED,
test-Output_preparation.atr,TestCaseLCR-110_SW_LLR_TC_11374,PASSED,
test-Output_preparation.atr,TestCaseLCR-110_SW_LLR_TC_11375,PASSED,
test-Output_preparation.atr,TestCaseLCR-110_SW_LLR_TC_11376,PASSED,
test-Output_preparation.atr,TestCaseLCR-110_SW_LLR_TC_11377,PASSED,
test-Output_preparation.atr,TestCaseLCR-110_SW_LLR_TC_11378,PASSED,
test-Output_preparation.atr,TestCaseLCR-110_SW_LLR_TC_11379,PASSED,
test-Output_preparation.atr,TestCaseLCR-110_SW_LLR_TC_11380,PASSED,
test-Output_preparation.atr,TestCaseLCR-110_SW_LLR_TC_11381,PASSED,
test-Output_preparation.atr,TestCaseLCR-110_SW_LLR_TC_11382,PASSED,
test-Output_preparation.atr,TestCaseLCR-110_SW_LLR_TC_11383,PASSED,
test-Output_preparation.atr,TestCaseLCR-110_SW_LLR_TC_11384,PASSED,
test-Output_preparation.atr,TestCaseLCR-110_SW_LLR_TC_11385,PASSED,
test-Output_preparation.atr,TestCaseLCR-110_SW_LLR_TC_11386,PASSED,
test-Output_preparation.atr,TestCaseLCR-110_SW_LLR_TC_11387,PASSED,
test-Output_preparation.atr,TestCaseLCR-110_SW_LLR_TC_11388,PASSED,
test-Output_preparation.atr,TestCaseLCR-110_SW_LLR_TC_11389,PASSED,
test-Output_preparation.atr,TestCaseLCR-110_SW_LLR_TC_11390,PASSED,
test-Output_preparation.atr,TestCaseLCR-110_SW_LLR_TC_11391,PASSED,
test-Output_preparation.atr,TestCaseLCR-110_SW_LLR_TC_11392,PASSED,
test-Output_preparation.atr,TestCaseLCR-110_SW_LLR_TC_11393,PASSED,
test-Output_preparation.atr,TestCaseLCR-110_SW_LLR_TC_11394,PASSED,
test-Output_preparation.atr,TestCaseLCR-110_SW_LLR_TC_11395,PASSED,
test-Output_preparation.atr,TestCaseLCR-110_SW_LLR_TC_11396,PASSED,
test-Output_preparation.atr,TestCaseLCR-110_SW_LLR_TC_11397,PASSED,
test-Output_preparation.atr,TestCaseLCR-110_SW_LLR_TC_11398,PASSED,
test-Output_preparation.atr,TestCaseLCR-110_SW_LLR_TC_11399,PASSED,
test-Output_preparation.atr,TestCaseLCR-110_SW_LLR_TC_11400,PASSED,
test-Output_preparation.atr,TestCaseLCR-110_SW_LLR_TC_11401,PASSED,
test-Output_preparation.atr,TestCaseLCR-110_SW_LLR_TC_11402,PASSED,
test-Output_preparation.atr,TestCaseLCR-110_SW_LLR_TC_11403,PASSED,
test-Output_preparation.atr,TestCaseLCR-110_SW_LLR_TC_11404,PASSED,
test-Output_preparation.atr,TestCaseLCR-110_SW_LLR_TC_11405,PASSED,
test-Output_preparation.atr,TestCaseLCR-110_SW_LLR_TC_11406,PASSED,
test-Output_preparation.atr,TestCaseLCR-110_SW_LLR_TC_11407,PASSED,
test-Output_preparation.atr,TestCaseLCR-110_SW_LLR_TC_11408,PASSED,
test-Output_preparation.atr,TestCaseLCR-110_SW_LLR_TC_11409,PASSED,
test-Output_preparation.atr,TestCaseLCR-110_SW_LLR_TC_11410,PASSED,
test-Output_preparation.atr,TestCaseLCR-110_SW_LLR_TC_11411,PASSED,
test-Output_preparation.atr,TestCaseLCR-110_SW_LLR_TC_11412,PASSED,
test-Output_preparation.atr,TestCaseLCR-110_SW_LLR_TC_11413,PASSED,
test-Output_preparation.atr,TestCaseLCR-110_SW_LLR_TC_11414,PASSED,
test-Output_preparation.atr,TestCaseLCR-110_SW_LLR_TC_11415,PASSED,
test-Output_preparation.atr,TestCaseLCR-110_SW_LLR_TC_11416,PASSED,
test-Output_preparation.atr,TestCaseLCR-110_SW_LLR_TC_11417,PASSED,
test-Output_preparation.atr,TestCaseLCR-110_SW_LLR_TC_11418,PASSED,
test-Output_preparation.atr,TestCaseLCR-110_SW_LLR_TC_11419,PASSED,
test-Output_preparation.atr,TestCaseLCR-110_SW_LLR_TC_11420,PASSED,
test-Output_preparation.atr,TestCaseLCR-110_SW_LLR_TC_11421,PASSED,
test-Output_preparation.atr,TestCaseLCR-110_SW_LLR_TC_11422,PASSED,
test-Output_preparation.atr,TestCaseLCR-110_SW_LLR_TC_11428,PASSED,
test-Output_preparation.atr,TestCaseLCR-110_SW_LLR_TC_11429,PASSED,
test-Output_preparation.atr,TestCaseLCR-110_SW_LLR_TC_11430,PASSED,
test-Output_preparation.atr,TestCaseLCR-110_SW_LLR_TC_11433,PASSED,
test-Output_preparation.atr,TestCaseLCR-110_SW_LLR_TC_11434,PASSED,
test-Output_preparation.atr,TestCaseLCR-110_SW_LLR_TC_11435,PASSED,
test-Output_preparation.atr,TestCaseLCR-110_SW_LLR_TC_11436,PASSED,
test-Output_preparation.atr,TestCaseLCR-110_SW_LLR_TC_11437,PASSED,
test-Output_preparation.atr,TestCaseLCR-110_SW_LLR_TC_11438,PASSED,
test-Output_preparation.atr,TestCaseLCR-110_SW_LLR_TC_11439,PASSED,
test-Output_preparation.atr,TestCaseLCR-110_SW_LLR_TC_11440,PASSED,
test-Output_preparation.atr,TestCaseLCR-110_SW_LLR_TC_11441,PASSED,
test-Output_preparation.atr,TestCaseLCR-110_SW_LLR_TC_11442,PASSED,
test-Output_preparation.atr,TestCaseLCR-110_SW_LLR_TC_11443,PASSED,
test-Output_preparation.atr,TestCaseLCR-110_SW_LLR_TC_11444,PASSED,
test-Output_preparation.atr,TestCaseLCR-110_SW_LLR_TC_11445,PASSED,
test-Output_preparation.atr,TestCaseLCR-110_SW_LLR_TC_11446,PASSED,
test-Output_preparation.atr,TestCaseLCR-110_SW_LLR_TC_11447,PASSED,
test-Output_preparation.atr,TestCaseLCR-110_SW_LLR_TC_11448,PASSED,
test-Output_preparation.atr,TestCaseLCR-110_SW_LLR_TC_11449,PASSED,
test-Output_preparation.atr,TestCaseLCR-110_SW_LLR_TC_11450,PASSED,
test-Output_preparation.atr,TestCaseLCR-110_SW_LLR_TC_11452,PASSED,
test-Output_preparation.atr,TestCaseLCR-110_SW_LLR_TC_11453,PASSED,
test-Output_preparation.atr,TestCaseLCR-110_SW_LLR_TC_11454,PASSED,
test-Output_preparation.atr,TestCaseLCR-110_SW_LLR_TC_11455,PASSED,
test-Output_preparation.atr,TestCaseLCR-110_SW_LLR_TC_11456,PASSED,
test-Output_preparation.atr,TestCaseLCR-110_SW_LLR_TC_11457,PASSED,
test-Output_preparation.atr,TestCaseLCR-110_SW_LLR_TC_11458,PASSED,
test-Output_preparation.atr,TestCaseLCR-110_SW_LLR_TC_11459,PASSED,
test-Output_preparation.atr,TestCaseLCR-110_SW_LLR_TC_11460,PASSED,
test-Output_preparation.atr,TestCaseLCR-110_SW_LLR_TC_11461,PASSED,
test-Output_preparation.atr,TestCaseLCR-110_SW_LLR_TC_11462,PASSED,
test-Output_preparation.atr,TestCaseLCR-110_SW_LLR_TC_11463,PASSED,
test-Output_preparation.atr,TestCaseLCR-110_SW_LLR_TC_11464,PASSED,
test-Output_preparation.atr,TestCaseLCR-110_SW_LLR_TC_11465,PASSED,
test-Output_preparation.atr,TestCaseLCR-110_SW_LLR_TC_11466,PASSED,
test-Output_preparation.atr,TestCaseLCR-110_SW_LLR_TC_11469,PASSED,
test-Output_preparation.atr,TestCaseLCR-110_SW_LLR_TC_11470,PASSED,
test-Output_preparation.atr,TestCaseLCR-110_SW_LLR_TC_11482,PASSED,
test-Output_preparation.atr,TestCaseLCR-110_SW_LLR_TC_11483,PASSED,
test-Output_preparation.atr,TestCaseLCR-110_SW_LLR_TC_11484,PASSED,
test-Output_preparation.atr,TestCaseLCR-110_SW_LLR_TC_11485,PASSED,
test-Output_preparation.atr,TestCaseLCR-110_SW_LLR_TC_11486,PASSED,
test-Output_preparation.atr,TestCaseLCR-110_SW_LLR_TC_11487,PASSED,
test-Output_preparation.atr,TestCaseLCR-110_SW_LLR_TC_11488,PASSED,
test-Output_preparation.atr,TestCaseLCR-110_SW_LLR_TC_11491,PASSED,
test-Output_preparation.atr,TestCaseLCR-110_SW_LLR_TC_11492,PASSED,
test-Output_preparation.atr,TestCaseLCR-110_SW_LLR_TC_11493,PASSED,
test-Output_preparation.atr,TestCaseLCR-110_SW_LLR_TC_11628,PASSED,
test-Output_preparation.atr,TestCaseLCR-110_SW_LLR_TC_11495,PASSED,
test-Output_preparation.atr,TestCaseLCR-110_SW_LLR_TC_11496,PASSED,
test-Output_preparation.atr,TestCaseLCR-110_SW_LLR_TC_11497,PASSED,
test-Output_preparation.atr,TestCaseLCR-110_SW_LLR_TC_11498,PASSED,
test-Output_preparation.atr,TestCaseLCR-110_SW_LLR_TC_11499,PASSED,
test-Output_preparation.atr,TestCaseLCR-110_SW_LLR_TC_11500,PASSED,
test-Output_preparation.atr,TestCaseLCR-110_SW_LLR_TC_11501,PASSED,
test-Output_preparation.atr,TestCaseLCR-110_SW_LLR_TC_11502,PASSED,
test-Output_preparation.atr,TestCaseLCR-110_SW_LLR_TC_11503,PASSED,
test-Output_preparation.atr,TestCaseLCR-110_SW_LLR_TC_11504,PASSED,
test-Output_preparation.atr,TestCaseLCR-110_SW_LLR_TC_11505,PASSED,
test-Output_preparation.atr,TestCaseLCR-110_SW_LLR_TC_11506,PASSED,
test-Output_preparation.atr,TestCaseLCR-110_SW_LLR_TC_11507,PASSED,
test-Output_preparation.atr,TestCaseLCR-110_SW_LLR_TC_11508,PASSED,
test-Output_preparation.atr,TestCaseLCR-110_SW_LLR_TC_11509,PASSED,
test-Output_preparation.atr,TestCaseLCR-110_SW_LLR_TC_11510,PASSED,
test-Output_preparation.atr,TestCaseLCR-110_SW_LLR_TC_11511,PASSED,
test-Output_preparation.atr,TestCaseLCR-110_SW_LLR_TC_11512,PASSED,
test-Output_preparation.atr,TestCaseLCR-110_SW_LLR_TC_11513,PASSED,
test-Output_preparation.atr,TestCaseLCR-110_SW_LLR_TC_11514,PASSED,
test-Output_preparation.atr,TestCaseLCR-110_SW_LLR_TC_11515,PASSED,
test-Output_preparation.atr,TestCaseLCR-110_SW_LLR_TC_11516,PASSED,
test-Output_preparation.atr,TestCaseLCR-110_SW_LLR_TC_11517,PASSED,
test-Output_preparation.atr,TestCaseLCR-110_SW_LLR_TC_11520,PASSED,
test-Output_preparation.atr,TestCaseLCR-110_SW_LLR_TC_11521,PASSED,
test-Output_preparation.atr,TestCaseLCR-110_SW_LLR_TC_11522,PASSED,
test-Output_preparation.atr,TestCaseLCR-110_SW_LLR_TC_11523,PASSED,
test-Output_preparation.atr,TestCaseLCR-110_SW_LLR_TC_11524,PASSED,
test-Output_preparation.atr,TestCaseLCR-110_SW_LLR_TC_11525,PASSED,
test-Output_preparation.atr,TestCaseLCR-110_SW_LLR_TC_11526,PASSED,
test-Output_preparation.atr,TestCaseLCR-110_SW_LLR_TC_11527,PASSED,
test-Output_preparation.atr,TestCaseLCR-110_SW_LLR_TC_11528,PASSED,
test-Output_preparation.atr,TestCaseLCR-110_SW_LLR_TC_11529,PASSED,
test-Output_preparation.atr,TestCaseLCR-110_SW_LLR_TC_11530,PASSED,
test-Output_preparation.atr,TestCaseLCR-110_SW_LLR_TC_11531,PASSED,
test-Output_preparation.atr,TestCaseLCR-110_SW_LLR_TC_11532,PASSED,
test-Output_preparation.atr,TestCaseLCR-110_SW_LLR_TC_11533,PASSED,
test-Output_preparation.atr,TestCaseLCR-110_SW_LLR_TC_11534,PASSED,
test-Output_preparation.atr,TestCaseLCR-110_SW_LLR_TC_11535,PASSED,
test-Output_preparation.atr,TestCaseLCR-110_SW_LLR_TC_11536,PASSED,
test-Output_preparation.atr,TestCaseLCR-110_SW_LLR_TC_11537,PASSED,
test-Output_preparation.atr,TestCaseLCR-110_SW_LLR_TC_11538,PASSED,
test-Output_preparation.atr,TestCaseLCR-110_SW_LLR_TC_11539,PASSED,
test-Output_preparation.atr,TestCaseLCR-110_SW_LLR_TC_11540,PASSED,
test-Output_preparation.atr,TestCaseLCR-110_SW_LLR_TC_11541,PASSED,
test-Output_preparation.atr,TestCaseLCR-110_SW_LLR_TC_11542,PASSED,
test-Output_preparation.atr,TestCaseLCR-110_SW_LLR_TC_11543,PASSED,
test-Output_preparation.atr,TestCaseLCR-110_SW_LLR_TC_11544,PASSED,
test-Output_preparation.atr,TestCaseLCR-110_SW_LLR_TC_11545,PASSED,
test-Output_preparation.atr,TestCaseLCR-110_SW_LLR_TC_11546,PASSED,
test-Output_preparation.atr,TestCaseLCR-110_SW_LLR_TC_11547,PASSED,
test-Output_preparation.atr,TestCaseLCR-110_SW_LLR_TC_11548,PASSED,
test-Output_preparation.atr,TestCaseLCR-110_SW_LLR_TC_11549,PASSED,
test-Output_preparation.atr,TestCaseLCR-110_SW_LLR_TC_11550,PASSED,
test-Output_preparation.atr,TestCaseLCR-110_SW_LLR_TC_11551,PASSED,
test-Output_preparation.atr,TestCaseLCR-110_SW_LLR_TC_11552,PASSED,
test-Output_preparation.atr,TestCaseLCR-110_SW_LLR_TC_11553,PASSED,
test-Output_preparation.atr,TestCaseLCR-110_SW_LLR_TC_11554,PASSED,
test-Output_preparation.atr,TestCaseLCR-110_SW_LLR_TC_11555,PASSED,
test-Output_preparation.atr,TestCaseLCR-110_SW_LLR_TC_11558,PASSED,
test-Output_preparation.atr,TestCaseLCR-110_SW_LLR_TC_11559,PASSED,
test-Output_preparation.atr,TestCaseLCR-110_SW_LLR_TC_11560,PASSED,
test-Output_preparation.atr,TestCaseLCR-110_SW_LLR_TC_11561,PASSED,
test-Output_preparation.atr,TestCaseLCR-110_SW_LLR_TC_11562,PASSED,
test-Output_preparation.atr,TestCaseLCR-110_SW_LLR_TC_11563,PASSED,
test-Output_preparation.atr,TestCaseLCR-110_SW_LLR_TC_11564,PASSED,
test-Output_preparation.atr,TestCaseLCR-110_SW_LLR_TC_11565,PASSED,
test-Output_preparation.atr,TestCaseLCR-110_SW_LLR_TC_11566,PASSED,
test-Output_preparation.atr,TestCaseLCR-110_SW_LLR_TC_11567,PASSED,
test-Output_preparation.atr,TestCaseLCR-110_SW_LLR_TC_11568,PASSED,
test-Output_preparation.atr,TestCaseLCR-110_SW_LLR_TC_11569,PASSED,
test-Output_preparation.atr,TestCaseLCR-110_SW_LLR_TC_11570,PASSED,
test-Output_preparation.atr,TestCaseLCR-110_SW_LLR_TC_11571,PASSED,
test-Output_preparation.atr,TestCaseLCR-110_SW_LLR_TC_11572,PASSED,
test-Output_preparation.atr,TestCaseLCR-110_SW_LLR_TC_11573,PASSED,
test-Output_preparation.atr,TestCaseLCR-110_SW_LLR_TC_11574,PASSED,
test-Output_preparation.atr,TestCaseLCR-110_SW_LLR_TC_11575,PASSED,
test-Output_preparation.atr,TestCaseLCR-110_SW_LLR_TC_11576,PASSED,
test-Output_preparation.atr,TestCaseLCR-110_SW_LLR_TC_11577,PASSED,
test-Output_preparation.atr,TestCaseLCR-110_SW_LLR_TC_11578,PASSED,
test-Output_preparation.atr,TestCaseLCR-110_SW_LLR_TC_11579,PASSED,
test-Output_preparation.atr,TestCaseLCR-110_SW_LLR_TC_11580,PASSED,
test-Output_preparation.atr,TestCaseLCR-110_SW_LLR_TC_11581,PASSED,
test-Output_preparation.atr,TestCaseLCR-110_SW_LLR_TC_11582,PASSED,
test-Output_preparation.atr,TestCaseLCR-110_SW_LLR_TC_11583,PASSED,
test-Output_preparation.atr,TestCaseLCR-110_SW_LLR_TC_11584,PASSED,
test-Output_preparation.atr,TestCaseLCR-110_SW_LLR_TC_11585,PASSED,
test-Output_preparation.atr,TestCaseLCR-110_SW_LLR_TC_11586,PASSED,
test-Output_preparation.atr,TestCaseLCR-110_SW_LLR_TC_11587,PASSED,
test-Output_preparation.atr,TestCaseLCR-110_SW_LLR_TC_11590,PASSED,
test-Output_preparation.atr,TestCaseLCR-110_SW_LLR_TC_11591,PASSED,
test-Output_preparation.atr,TestCaseLCR-110_SW_LLR_TC_11592,PASSED,
test-Output_preparation.atr,TestCaseLCR-110_SW_LLR_TC_11593,PASSED,
test-Output_preparation.atr,TestCaseLCR-110_SW_LLR_TC_11594,PASSED,
test-Output_preparation.atr,TestCaseLCR-110_SW_LLR_TC_11595,PASSED,
test-Output_preparation.atr,TestCaseLCR-110_SW_LLR_TC_11596,PASSED,
test-Output_preparation.atr,TestCaseLCR-110_SW_LLR_TC_11597,PASSED,
test-Output_preparation.atr,TestCaseLCR-110_SW_LLR_TC_11598,PASSED,
test-Output_preparation.atr,TestCaseLCR-110_SW_LLR_TC_11599,PASSED,
test-Output_preparation.atr,TestCaseLCR-110_SW_LLR_TC_11600,PASSED,
test-Output_preparation.atr,TestCaseLCR-110_SW_LLR_TC_11601,PASSED,
test-Output_preparation.atr,TestCaseLCR-110_SW_LLR_TC_11602,PASSED,
test-Output_preparation.atr,TestCaseLCR-110_SW_LLR_TC_11603,PASSED,
test-Output_preparation.atr,TestCaseLCR-110_SW_LLR_TC_11604,PASSED,
test-Output_preparation.atr,TestCaseLCR-110_SW_LLR_TC_11606,PASSED,
test-Output_preparation.atr,TestCaseLCR-110_SW_LLR_TC_11607,PASSED,
test-Output_preparation.atr,TestCaseLCR-110_SW_LLR_TC_11608,PASSED,
test-Output_preparation.atr,TestCaseLCR-110_SW_LLR_TC_11609,PASSED,
test-Output_preparation.atr,TestCaseLCR-110_SW_LLR_TC_11610,PASSED,
test-Output_preparation.atr,TestCaseLCR-110_SW_LLR_TC_11611,PASSED,
test-Output_preparation.atr,TestCaseLCR-110_SW_LLR_TC_11612,PASSED,
test-Output_preparation.atr,TestCaseLCR-110_SW_LLR_TC_11613,PASSED,
test-Output_preparation.atr,TestCaseLCR-110_SW_LLR_TC_11614,PASSED,
test-Output_preparation.atr,TestCaseLCR-110_SW_LLR_TC_11615,PASSED,
test-Output_preparation.atr,TestCaseLCR-110_SW_LLR_TC_11617,PASSED,
test-Output_preparation.atr,TestCaseLCR-110_SW_LLR_TC_11618,PASSED,
test-Output_preparation.atr,TestCaseLCR-110_SW_LLR_TC_11619,PASSED,
test-Output_preparation.atr,TestCaseLCR-110_SW_LLR_TC_11620,PASSED,
test-Output_preparation.atr,TestCaseLCR-110_SW_LLR_TC_11621,PASSED,
test-Output_preparation.atr,TestCaseLCR-110_SW_LLR_TC_11622,PASSED,
test-Output_preparation.atr,TestCaseLCR-110_SW_LLR_TC_11623,PASSED,
test-Output_preparation.atr,TestCaseLCR-110_SW_LLR_TC_11624,PASSED,
test-Output_preparation.atr,TestCaseLCR-110_SW_LLR_TC_11625,PASSED,
test-Output_preparation.atr,TestCaseLCR-110_SW_LLR_TC_11626,PASSED,
test-Output_preparation.atr,TestCaseLCR-110_SW_LLR_TC_11627,PASSED,
test-Output_preparation.atr,TestCaseLCR-110_SW_LLR_TC_11629,PASSED,
test-Output_preparation.atr,TestCaseLCR-110_SW_LLR_TC_11630,PASSED,
test-Output_preparation.atr,TestCaseLCR-110_SW_LLR_TC_11631,PASSED,
test-Output_preparation.atr,TestCaseLCR-110_SW_LLR_TC_11632,PASSED,
test-Output_preparation.atr,TestCaseLCR-110_SW_LLR_TC_11633,PASSED,
test-Output_preparation.atr,TestCaseLCR-110_SW_LLR_TC_11634,PASSED,
test-Output_preparation.atr,TestCaseLCR-110_SW_LLR_TC_11635,PASSED,
